Company Name,Job Role,Location,Features/Tags,Timestamp
Sanctuary Computer,Senior Elixir Engineer,Remote/Not Specified,"backend, dev, django, exec, full stack, javascript, node, python, pyton, react native, ruby, saas, senior",15-08-2025 13:53
P2P. org,Data Analyst,Delhi,"analyst, api, consultancy, crypto, defi, finance, growth, health, support, system, technical",15-08-2025 13:53
Ethena Labs,Senior Staff Security Engineer,Globally Remote,"crypto, defi, devops, engineer, engineering, ethereum, finance, financial, full-stack, growth, security, senior, software, strategy, technical, testing",15-08-2025 13:53
GoMining,VIP Support Manager,Remote/Not Specified,"crypto, defi, management, manager, non tech, sales, support",15-08-2025 13:53
The Trevor Project,Public Training Associate,Remote - United States,"education, educational, financial, health, legal, management, non tech, operational, operations, senior, support, training, travel",15-08-2025 13:53
NTD software,FullStack Engineer,Latin America,"backend, cloud, code, css, design, dev, developer, devops, digital nomad, engineer, frontend, fullstack, javascript, mobile, react, software, support, technical, web",15-08-2025 13:53
Find,Cryptocurrency Reporter,Remote/Not Specified,"content, crypto, cryptocurrency",15-08-2025 13:53
Bonfire Studios,Character Concept Artist,United States,"3d, recruiting, support",15-08-2025 13:53
Coins.ph,Strategy Manager,"Taguig City, Metro Manila, Philippines","crypto, cryptocurrencies, finance, financial, growth, management, manager, mobile, operational, strategy, support, web3",15-08-2025 13:53
Aragon,Content &amp; Social Lead,Remote - Anywhere,"content, full-stack, growth, lead, management, manager, marketing, seo, software, strategy, support, technical, web3",15-08-2025 13:53
The Biz Conquest,Mobile Developer,Remote/Not Specified,"dev, engineer, mobiledev, react native",15-08-2025 13:53
Virta Health,Backend Software Engineer Client Group,Remote/Not Specified,"backend, cloud, code, engineer, engineering, frontend, full-stack, golang, health, medical, operational, security, software, support, technical, training",15-08-2025 13:53
Deblock,Senior Backend Engineer,Remote/Not Specified,"backend, banking, crypto, engineer, fintech, golang, senior",15-08-2025 13:53
CrowdGen by Appen,Payment QR Code from Eye AI,India,"code, mobile, qa",15-08-2025 13:53
Machinify,Automation Engineer UI Quality Assurance,Palo Alto,"design, digital nomad, docker, engineer, front-end, frontend, healthcare, qa, recruiting, software, test, testing, ui, web",15-08-2025 13:53
Arbitrum Foundation,Developer Relations Engineer,Europe,"code, content, cryptocurrency, developer, digital nomad, education, educational, engineer, engineering, ethereum, finance, full-time, growth, health, healthcare, recruitment, security, technical, web3",15-08-2025 13:53
Koala Health,Customer Experience Associate,Remote,"health, healthcare, medical, support, technical, voice, web",15-08-2025 13:53
CoinGecko,Human Resources Associate Mid level,Remote/Not Specified,"cryptocurrency, education, financial, hr, leader, management, operational, operations, payroll, support, system, technical, training",15-08-2025 13:53
Prophet Security,Backend Software Engineer,Remote/Not Specified,"backend, engineer, golang, infosec, security, software",15-08-2025 13:53
lakeFS,Senior Software Engineer,Remote/Not Specified,"engineer, golang, senior, software",15-08-2025 13:53
Tolt,Product Engineer,Remote/Not Specified,"aws, engineer, javascript, product, react, typescript",15-08-2025 13:53
Included Health,Connected Care Assistant,Remote,"assistant, full-time, health, healthcare, management, medical, non tech, recruiter, support, training",15-08-2025 13:53
GoodLeap,Customer Care Advisor,Remote,"developer, digital nomad, management, reliability, sales, software, supervisor, support",15-08-2025 13:53
Monzo,Senior Backend Engineer,Remote/Not Specified,"backend, engineer, golang, senior",15-08-2025 13:53
Executive Bootcamp,$2.000+ monthly LinkedIn DM reply Job USA TIMEZONE,Remote/Not Specified,"marketing, other, sales",15-08-2025 13:53
InfStones,DevOps Engineer,Texas,"administrator, amazon, cloud, code, devops, engineer, full-time, git, linux, management, node, qa, reliability, security, serverless, software, support, system, test, testing, web3",15-08-2025 13:53
Peach Finance,Technical Writer,Remote,"api, content, developer, digital nomad, finance, financial, management, marketing, senior, system, technical, training, video, writer",15-08-2025 13:53
FetLife,Senior Full Stack Engineer,Remote/Not Specified,"backend, dev, elasticsearch, engineer, front end, full stack, full time, google cloud, javascript, kubernetes, postgres, redis, remote, ruby, rust, senior, sql, terraform, typescript, vue, work from home",15-08-2025 13:53
CloudWalk,Customer Support Engineer I Intern,Remote,"engineer, engineering, fintech, ruby, support, technical, voice",15-08-2025 13:53
CoinGecko,Account Executive,Remote/Not Specified,"api, cryptocurrency, education, executive, financial, fintech, growth, leader, management, marketing, operational, operations, saas, sales, senior, strategy, support, technical, training, web3",15-08-2025 13:53
,,Remote,None,15-08-2025 13:53
Accompany Health,Medical Record Specialist,United States,"education, full-time, go, health, healthcare, lead, medical, non tech",15-08-2025 13:53
CertiK,Blockchain Security Expert AI Track,US / Remote,"engineering, full-time, sales, security, software, support, web3",15-08-2025 13:53
Anchorage Digital,Growth Marketing Lead,United States,"analytics, bank, crypto, engineering, finance, financial, growth, lead, leader, legal, management, marketing, security, testing",15-08-2025 13:53
Mozilla Corporation,Senior Backend Engineer,Remote/Not Specified,"backend, engineer, golang, senior",15-08-2025 13:53
Nomi Health,Data Engineer,"Austin, Texas","engineer, engineering, medical, nosql, technical, testing",15-08-2025 13:53
WEP Clinical ,Associate Director Clinical Monitoring,"Remote, US","director, growth, lead, management, senior, support, training, travel",15-08-2025 13:53
One Medical,Social Programs Manager,"Houston, TX",manager,15-08-2025 13:53
CloudWalk,Chargeback Analyst,São Paulo,"analyst, code, engineering, fintech, operational, operations, support, teach",15-08-2025 13:53
CEF.Ai,Principal Software Engineer,Remote/Not Specified,"dev, other",15-08-2025 13:53
,,Remote/Not Specified,None,15-08-2025 13:53
Welo Data,Korean Japanese Lyric Transliteration Reviewer,Remote/Not Specified,"freelance, japanese, korean, part time, quality assurance, remote, reviewer, teaching, translation",15-08-2025 13:53
Socure,Staff Software Engineer Backend,Carson City,"analytics, apache, backend, design, digital nomad, elasticsearch, engineer, engineering, fintech, graphql, lead, software, support, system",15-08-2025 13:53
Inkitt,Senior DevOps Engineer,Remote Mexico City,"analytics, backend, c, cloud, devops, elasticsearch, engineer, postgresql, redis, reliability, security, senior, support, system",15-08-2025 13:53
Sticker Mule,Software engineer,Remote/Not Specified,"dev, docker, engineer, gcp, kubernetes, postgres, redis",15-08-2025 13:53
Coins.ph,KYC Ops Leader,"Taguig City, Metro Manila, Philippines","crypto, cryptocurrencies, financial, fintech, growth, lead, leader, management, mobile, operational, operations, strategy, training",15-08-2025 13:53
Tala,Senior Android Engineer,Remote-India,"android, crypto, engineer, financial, fintech, management, senior",15-08-2025 13:53
Aprio,Aprio Canada National Tax Office Leader Senior Tax Director,Toronto,"director, executive, growth, lead, leader, management, senior, support, technical, training",15-08-2025 13:53
Sayari,Associate Data Engineer,United States,"apache, cloud, engineer, engineering, financial, growth, python, software, training",15-08-2025 13:53
CloudWalk,Paid Media Data Analyst,Brasilia,"analyst, analytics, engineering, executive, financial, fintech, growth, investment, marketing, strategy, technical",15-08-2025 13:53
Allocate,Senior Software Engineer Backend,California,"api, backend, c#, code, design, developer, digital nomad, docker, engineer, engineering, fintech, git, senior, software, strategy, support, technical, web",15-08-2025 13:53
MailerLite,Web Developer,Remote/Not Specified,"dev, front end",15-08-2025 13:53
Smartbug Media,Account Strategist,"Remote, United States","content, director, e-commerce, growth, health, lead, management, marketing, operations, recruiting, sales, senior, strategist, strategy, support, voice",15-08-2025 13:53
COMPLY,Associate Customer Success Manager,United States,"consulting, financial, growth, health, investment, leader, management, manager, salesforce, software, support, technical",15-08-2025 13:53
Panopto,Account Executive Enterprise,Remote - US,"executive, health, leader, management, manager, recruiter, recruitment, saas, sales, senior, support, technical, video",15-08-2025 13:53
Harkla,Sales Development Representative,Remote/Not Specified,sales,15-08-2025 13:53
AscendEX,Senior Front End Engineer,Remote/Not Specified,"back-end, code, cryptocurrency, design, digital nomad, engineer, engineering, financial, front-end, growth, junior, management, senior, software, web",15-08-2025 13:53
Coin Market Cap Ltd,Business Data Analyst,Remote/Not Specified,"analyst, analytics, crypto, financial, growth, mobile, operational, support, web",15-08-2025 13:53
Backpack ,Infrastructure,Remote/Not Specified,"cloud, developer, digital nomad, engineering, security",15-08-2025 13:53
Speechify,Software Engineer Data Infrastructure & Acquisition,Remote/Not Specified,dev,15-08-2025 13:53
Greenlight Financial Technology,Software Engineer II Full Stack,Atlanta (Remote Friendly),"backend, banking, design, digital nomad, engineer, engineering, finance, financial, fintech, health, mobile, recruiter, reliability, senior, software, support, technical, web",15-08-2025 13:53
Right Side Up,Associate Creative Director,"Austin, TX","design, digital nomad, director, financial, junior, lead, marketing",15-08-2025 13:53
AFAR,Revenue Operations Manager,"New York, NY","design, digital nomad, finance, growth, lead, management, manager, marketing, operations, sales, strategy, support, travel",15-08-2025 13:53
Discern,Fullstack Golang Engineer,Remote/Not Specified,"engineer, fullstack, golang, golang, software",15-08-2025 13:53
Tempesta Technologies,C C++ Linux developer,Remote/Not Specified,"algorithms, c, c plus plus, data structures, databases, linux",15-08-2025 13:53
Melapress,Content led Marketer,Remote/Not Specified,"content writing, copywriting, marketing",15-08-2025 13:53
Melapress,WordPress Plugins & Themes developer,Remote/Not Specified,"api, dev, devops, ecommerce, english, full time, javascript, php, wordpress",15-08-2025 13:53
The Block,Marketing Lead,Remote within United States,"content, controller, crypto, cryptocurrency, financial, growth, lead, legal, marketing, operations, sales, salesforce, strategy, support, voice, web3",15-08-2025 13:53
Clipbook,Intelligence &amp; Research Analyst,Remote/Not Specified,"analyst, lead, strategy, support",15-08-2025 13:53
Injective Labs,Government Relations Officer,Remote/Not Specified,"crypto, defi, educational, executive, finance, financial, growth, lead, leader, legal, operations, strategy, technical",15-08-2025 13:53
Greenlight Financial Technology,Software Engineer II Full Stack,Atlanta (Remote Friendly),"backend, banking, design, digital nomad, engineer, engineering, finance, financial, fintech, health, mobile, recruiter, reliability, senior, software, support, technical, web",15-08-2025 13:53
Crewvision,UI UX Product Designer,Remote/Not Specified,design,15-08-2025 13:53
Interaction Design Foundation,Admin and Support Specialist With Love for Writing,Remote/Not Specified,"content writing, customer support, writing",15-08-2025 13:53
dLocal,Crypto Compliance Project Manager,Remote/Not Specified,"content, crypto, cryptocurrency, financial, fintech, go, health, manager, non tech, support",15-08-2025 13:53
OANDA Europe Ltd.,Head of CRM,London,"analytics, cryptocurrencies, financial, growth, lead, management, marketing, recruitment, software, strategy, support",15-08-2025 13:53
Private.Ki,Content Producer Technical Content Engineer Junior Dev,Remote/Not Specified,"dev, marketing, other, writer, writing",15-08-2025 13:53
Sword Health,Executive Assistant &amp; Office Manager,Lisboa,"assistant, executive, financial, growth, health, management, manager, medical, sales, support, travel",15-08-2025 13:53
Quantum Metric,Account Executive Retail,United States,"android, devops, ecommerce, education, executive, financial, leader, recruitment, saas, sales, support, training",15-08-2025 13:53
AllTrails,Senior Product Designer,Remote,"design, designer, digital nomad, engineering, growth, ios, lead, marketing, senior, testing, training, web",15-08-2025 13:53
CrowdGen by Appen,Data Collection Participant Photo Submission Task,Any,"manager, training",15-08-2025 13:53
Aprio,Aprio PH FP&amp;A Analyst,"Clark, Pampanga","analyst, executive, finance, financial, full-time, growth, management, microsoft, senior, testing",15-08-2025 13:53
Heard,Sales Development Representative,Remote,"consult, excel, growth, health, lead, saas, sales, voice",15-08-2025 13:53
Gravie,Underwriter,Remote,"design, digital nomad, education, financial, growth, health, healthcare, management, sales, strategy, support, technical, training",15-08-2025 13:53
Sensor Tower,Full Stack Engineer,Istanbul,"analytics, bank, c#, code, developer, digital nomad, engineer, full-time, health, jira, linux, recruitment",15-08-2025 13:53
Koombea,Senior AI Python Developer,Remote/Not Specified,"api, backend, developer, digital nomad, engineering, python, senior, software",15-08-2025 13:53
Slate,User Support Specialist,Remote,"content, engineering, lead, support, technical",15-08-2025 13:53
Proof,Senior Software Engineer,"Remote, Boston, MA Preferred","back-end, cloud, code, design, digital nomad, engineer, engineering, front-end, go, growth, lead, legal, management, manager, rails, ruby, security, senior, software, support, technical, web",15-08-2025 13:53
Egen,ML Scientist Foundation Model,"Remote, Central US","cloud, design, digital nomad, engineering, health, legal, support, technical, training",15-08-2025 13:53
Coins.ph,Exchange Operations Analyst,"Singapore, Singapore","admin, analyst, bank, crypto, cryptocurrencies, financial, growth, management, mobile, operations, system, test",15-08-2025 13:53
Voxy Inc,Customer Success Analyst,São Paulo,"analyst, consulting, education, health, hr, leader, management, students, technical, training",15-08-2025 13:53
City IT,QA Analyst,Any US State,"analyst, go, management, qa, scrum, software, support, system, test, testing",15-08-2025 13:53
Seaport Global Holdings LLC,Investment Research Associate,Flexible,"accounting, excel, finance, investment, non tech, senior",15-08-2025 13:53
HONK,Technical Account Manager,Remote,"consulting, design, digital nomad, engineering, manager, operations, saas, sales, support, technical, training",15-08-2025 13:53
The Block,Sales Director,Remote within United States,"ceo, crypto, cryptocurrency, director, executive, financial, growth, lead, operations, sales, senior, support, video, voice",15-08-2025 13:53
MachineFi Lab,Developer Relations Engineer,US Remote,"api, code, crypto, cryptocurrency, design, developer, digital nomad, engineer, engineering, growth, leader, marketing, technical, travel, web3",15-08-2025 13:53
